name,description,latitude,longitude,24/7,naloxone,fent_strips,type,image_url
"Georgia Overdose Prevention - The Athens Clinic 1710 Commerce Rd Athens, GA 30607",24 Hour access to naloxone. Report a reversal at www.georgiaoverdoseprevention.org,33.9940661,-83.3794566,TRUE,TRUE,FALSE,V,https://mymaps.usercontent.google.com/hostedimage/m/*/6AAjQbR52zt-fE3WmEMrdWw7F1vyn7I-pfSLgdM9UklbJNFmPLNQm8uiEFquiyz4RZPGZB5ehD2VMjcspPFzpxU95iixXIvIKgNeJZ7n4qjIi30Oo_1HQheRSiyP8mZgLsKZlDCsINkjdFzayoHX02B-A5BW8NcbsuGI-vemRkKOHukTbbSVJ0q4ZGevKW73tVkyaM4989Vj8uj-TgyucjX9-YcMflrc_sTHAyORWNMkqvMfzyHIf1Nm783Ah1DnRkhi83Rk_CI9XS4rd?authuser=0&fife=s16383
"2007 N Broad St Rome, GA 30161","Free Narcan and Food Pantry in ""Little Library"". Open 24 hours.",34.2726356,-85.1515315,TRUE,TRUE,FALSE,V,none
Coweta Force 36 Salbide Ave,Naloxone Distribution Box available 24/7 near the front door of Coweta Force.,33.3717243,-84.7982449,TRUE,TRUE,FALSE,V,https://mymaps.usercontent.google.com/hostedimage/m/*/6AAjQbR5k1WPyd-G5RJjYbYzdyO_WoeTI5KquoAHWw7hBqYx2dTgzKVzQO89Y4xEQzB8QsHPM4qEZZQo7n6yk3tRg9bIcqZU-0vi-l8vE_9eyRHn45aXCqYTiLX2R0bbrmLcO7hFE0g0JPMHVYMytowY2GVqm4rMwEkzRyTL06kdJQljL-_odc2eJNJ2XiMgsnQAMckTfxRnJYqmuGs6-RuxnOgcWYXK5bDmboGhThjUdZVXuw-8sb5AjOtsa5CXIcTsNwlJmLvrQ1Jyj?authuser=0&fife=s16383
102 Cloverleaf Cir Jefferson GA 30549 (Reboot Jackson),"Free Naloxone ""Porch Box"". Available 24 hours.",34.1389984,-83.5655338,TRUE,TRUE,FALSE,V,https://mymaps.usercontent.google.com/hostedimage/m/*/6AAjQbR5L03xoH_ft1JffdBPMK-zC-TcwbjOQAEXCF6Ang7-MkxEEWbFrn7AMXuFZ4My97e2JuHp6-giqhpv16zOu9XdqXfGBJwV2JZxZl00OnfF3e5QC06T8FnQcD7h4lddPmGsupWmQgZjFLH-d7d77lH9_qNiM1XY2Z37PCbIgJyD1gwBDcNt4mdSBJ_OMADQbafYaVaBRW5hoiFao3WaGnTiR6Bbhm6TGCPemhsKSiQfbeY1ZUpkCCAa_Vti_Unv_Q0iyKZ3z4RKJ?authuser=0&fife=s16383
Georgia Overdose Prevention 24 Hour Naloxone Box at Alliance Recovery 1116 E Ponce de Leon Ave,24 Naloxone Box: Housed at the far right column at Alliance Recovery Georgia Overdose Prevention's Box #1 in honor of Jeremy Galloway and Nick Harrison. Report a Reversal at georgiaoverdoseprevention.org and we will replace your kit.,33.7770724,-84.2800254,TRUE,TRUE,FALSE,V,https://mymaps.usercontent.google.com/hostedimage/m/*/6AAjQbR5n-e1HPTMLDPiUZ7RbFpnoFhP3U57UuExATJF7okbf1qAnWG8Qz9mSlUDXYGT25evpEcqAMeQCi51sMFGv5moZQM5InWTuaQG7oYUgfyTjFIbfU8hG3ehiol5a3OGgbGXaAXQhTNl9iyaEoYOPGx0nZa2JbVbjbPX701cvmtaXHU3TKS5lj4e9YfS3J2OTbp80IhhIxMoYACwIHdqw_tNDZ5E4SJ2swh-8xJ1BgLeJp6k9hbtIjOvpv4N8nVHw-ni3egOncubT?authuser=0&fife=s16383
226 S Zetterower Ave Freedom Through Recovery,24 hour Porch OAK Box,32.4417031,-81.7790225,TRUE,TRUE,FALSE,V,none
"Georgia Overdose Prevention 24 hour Naloxone Box at 4974 Cowan Rd #170, Acworth, GA 30101 (on back of building)",24 hour access. Placed on the back wall of Ackworth Tabaco and Liquor (Thank you!). Report a Reversal at georgiaoverdoseprevention.org and we will replace your kit.,34.074835,-84.6541115,TRUE,TRUE,FALSE,V,https://mymaps.usercontent.google.com/hostedimage/m/*/6AAjQbR49wShZLYY8BCX8C2zbz8qzmurlkJWeIzoS-qsE-C3WM3XbQ0_pVFeEiEP1L0189BrCBFe9rgPJBabcH9_W6zl5gIjo4mAo_B88FadI1HpIhtOdkjvQ-Wej5IFe8Ibve4QRNOxygCVmodZ2bXjIoRq4K-0LayFl5czEGVSsRZSGSrBSLE8A1F1OyzX_GAdlzAJ_IVfI5feVarZhcu86OqEVA4UZ9gPjq5c_51jSxWQxcAVJFl-76azPYzOU_cawBczr1ih5p5iI?authuser=0&fife=s16383
"Georgia Overdose Prevention 24 hour Access Naloxone Box at the Pittard Clinic 1654 Falls Rd, Toccoa, GA 30577",24 hour access. Follow pin to building up the hill. Box is on the LEFT side of the building near the side door. Report a Reversal at georgiaoverdoseprevention.org and we will replace your kit.,34.5991445,-83.3486961,TRUE,TRUE,FALSE,V,https://mymaps.usercontent.google.com/hostedimage/m/*/6AAjQbR4MdcCv-4Eb3X51gqaVxN7fIjAZpplOi23wRl3jM0kqEo81kZayC8-57GdfIA8DQjXmrBGm7dSGmbF2lEL49fMUhcqENXD4fnUjxxkVjcA5KB8z01cpHVNC6wITN2U4tFw73dSeAT4WmWKFVJ-dKGAfXonbFkysmwrOIlyFbIRO4soXAwgt5HpPLfI2u994VzA9IjFryZSAdmZjuEP3zFf7xmttbZVHv8UFvAY6A60MScsWrXXTD5IzzC6a143ob3VrO6wJwT0x?authuser=0&fife=s16383
595 Wimbish Rd @ Macon Recovers,"24 Hour box outside. Nasal, Test Strips, See georgianaloxone.com for more info.",32.8751598,-83.687256,TRUE,TRUE,TRUE,V,none
408 Shorter Ave NW @ Living Proof Recovery,Porch Box -- access 24 hours. Nasal Narcan and test strips.,34.264924,-85.193402,TRUE,TRUE,TRUE,V,none
Georgia Harm Reduction Vending Machine 1231 Joseph E. Boone Blvd NW,"24 Hour Access. Multiple harm reduction products: Naloxone, syringes and condoms.",33.7642759,-84.4276597,TRUE,TRUE,FALSE,V,https://mymaps.usercontent.google.com/hostedimage/m/*/6AAjQbR6fgCiwzhyEznlBnW5DNHoys_8-y2jznA7XXZ3gbLkqMoP6X_QOIXQlPLMNzw_BBtYIPHsjfY7AP7_R3daGiUpglRG3sOqm0XclHyOb1JimaQ1E2hjaNlXbBAsoHFwMIw3nPeTc7oKzbS_zkHWHro4M2pt6jOoHLK6M9PfwboCtru2hAKUU_sc4ti_oyTMVk_RVy3HdB--4Sbq8j64IqybDpI3tsDzlWVfdGBZ41NytPpK6nLvbq-0regCwF5hH2pWUMKb_bA1G?authuser=0&fife=s16383
Georgia Harm Reduction Coalition Naloxone Box 759 Boone Blvd 30314,"24 hour access, narcan, kloxxado, syringes, other harm reduction supplies",33.7636449,-84.4122397,TRUE,TRUE,FALSE,V,https://mymaps.usercontent.google.com/hostedimage/m/*/6AAjQbR4HHHD7ba2Dkp-G_JTDWW_gUA860kqcL2qD5QtEEcfuJ-M4CGpIly8qBQwGyZXIV_njxXv0bczScwF6Dn9jzK_MyBeX2CJEwIY9i-hnSH3g5DVEIqhjTRGx75LuyXikneW1FpCuXGvZmAUyqToa3jBFnYWVOZJRtScFKUXpJx7Jw-X8YB-1WzMcrXIpo4ZWMio2sKC9U3v5OfqS1E7xlHZxhN1Z7Ff1zz93Tti7c1E76W7-EDdrtMen580URU6sBLptem_19PIO?authuser=0&fife=s16383
Georgia Harm Reduction Coalition 24 Hour Naloxone Box - Lyla Center,Nasal Naloxone,34.0892592,-84.5277064,TRUE,TRUE,FALSE,V,https://mymaps.usercontent.google.com/hostedimage/m/*/6AAjQbR7BxiAEw3CFrcYK5BKn8S79FGEa5h0oDdfMaUOy7zGXUv_7Rgz7yNuAv_2GCKW-pmXuuRc5BaZdqmPGCJ_VC-3tNDyojCXAsNRn6B588PFAi913ZI1-iBa6ke7I-mwHc8f8cYFd72eUyS6uH_XTd_hSP-uctZGSyHtRrqlEVRsNYfF2dSPJT7AkFY_C7b3Uxaf8g3dLmu7n6nRfL2AWDjL3c_WcgjI99A7YnFWVNc7ADVTZnyd-yGg6Te_jhY4LfES1vfiHFYPA?authuser=0&fife=s16383
Never Alone Clubhouse Porch Naloxone Box,24 hour access Naloxone and Fentanyl Test Strips,33.752186,-84.7385419,TRUE,TRUE,TRUE,V,https://mymaps.usercontent.google.com/hostedimage/m/*/6AAjQbR6kbsMmTIp3qwhjwMBVhj4kSAI3djb8QpECJeVcvERo0vpcrr6ygX1Onn6vXpGuzxde8Bx5-4an_9wJVoJSQjLMMKWnYVSnzQOnnR07eqbQjW_2GXAPPUu78RtXYF8iFDvBUfXw37EEK3S9YhUC05hv5yKBclg42oGkO8UfoCLjFLiPSSrb2iy0iDXfEO3qh7ZCcd5FiC3WEWFXmZvxZ37acv1dpPakM01ICzqKu30OwlDftYaDc33VLU_DmUIWOkjTeVEGlDu2?authuser=0&fife=s16383
Grit and Grace RCO Naloxone Box 1400 Parker Road SE 30094,Naloxone. Details pending,33.6525808,-84.0192209,TRUE,TRUE,FALSE,V,none
East Point Little Library with Naloxone,Books and Nasal Narcan! 24 hour access! Naloxone provided by Georgia Harm Reduction Coalition and Georgia Overdose Prevention.,33.6808949,-84.450963,TRUE,TRUE,FALSE,V,https://mymaps.usercontent.google.com/hostedimage/m/*/6AAjQbR6oaSV6sjegtY9PlVDV1rEw5FDA-wmObnTm0ILDKa4qUtliTMCTAyU7ulrjOOX1rgBA06Ug7b7JA7hjDwg4D0TDOh5SLIi6huz1Ux076olpPadGGBvRcXzfj_bJXZ1ksOYim6mUNGtZAWho9r8KiFOBZCOWZF77xMqsYD1_snkCFmrMX0uAOmywtNacHrvFb-f2eZ3bWfXdOwt8wKCgeAfu43cczW2b_EYon9HTCt8ogbeUWeVxfhZAknoLC0Otry1bU1sXEbRi?authuser=0&fife=s16383
Georgia Overdose Prevention Naloxone Box at Eric's Tires,24 Hours Access! Report Reversals at GeorgiaOverdosePrevention.org,31.4583358,-83.5283268,TRUE,TRUE,FALSE,V,https://mymaps.usercontent.google.com/hostedimage/m/*/6AAjQbR43i7jsL62TYN39C3ztTtKy3QAtbq3767BpfUrkPlKw9moa5mtHmDrp8OgQSGfbD1IZ8seOY5cZVr91a-rvbpLjzwKHJhe9rpHiSzlbyA815GtKBJmLShsf5zYFWdo8yJpYR3F8fwijwxG_HTKtF5NW84aOkjSHDjOJYNQHYlDTTzUFygG_f0Eq65dStZI0OXkb_Lx3Ip6ndv7o_R73xhIVwTP6zwIy_lqChx_7gzAUYFtMVvyut8gOH4pNWHUCGfj_V5HAmxkX?authuser=0&fife=s16383
Rivers of Peace Naloxone Distribution Box,24 hour access!,34.8727334,-84.316888,TRUE,TRUE,FALSE,V,https://mymaps.usercontent.google.com/hostedimage/m/*/6AAjQbR70IOIKOQ-mcl8a6QalJzCORR_nuQfu0jheWK7GNGIFxSuH9tLBLL_7lhTxUKShFFuSpLZUo1Umx2uVKbCBkOG-LNVJNkdK3P0oYe4bP0h1n953s45XqvPlRpljtHgrhDakeQAYrC1lINWFNYKdU2rSOiUTch5r274AIVdkTRcz8JftFFF2k_nm1HbXtIn8tDuaebPMO5_q9BsOR80LmrEDdGNbcKMPdctGV5ARp3JmbLtE-0Z5OyXVeS2gEc7jkiv4iY7m-081?authuser=0&fife=s16383
Rise Up Naloxone Box Supported by Georgia Overdose Prevention at Bobby's Food Mart,24 hour access to naloxone. Report reversals to georgiaoverdoseprevention.org,32.5432407,-82.9065706,TRUE,TRUE,FALSE,V,https://mymaps.usercontent.google.com/hostedimage/m/*/6AAjQbR6K-IE8J_1DfaLOygIxvX_D4aPrAIbSAzVrNFopOqPbO25ndzvTpb6QTk4lsOmph685C6A4045Xu6_n0vgB30ZFBMNggctRUtbh8jHtkEb8aMRQsGRHsgxHQG6cocjfTy-UEpRQVEFvc63HCB5Fw8Yx8Enmb-k0OpkXRtib3TCy9FDKjeF7n2AZtw5SCBJlZIMgN-uUsSNX-RKvSrMJLsN3qfPOV7GJdgEm125_GB4An5obDyH9BXF4cw1eFfaUdvgLTOZyCN8o?authuser=0&fife=s16383
River Edge Behavioral Health,24 hour access. Narcan and test strips.,32.8475668,-83.623526,TRUE,TRUE,TRUE,V,https://mymaps.usercontent.google.com/hostedimage/m/*/6AAjQbR5yHrM5G_NRnwtfKaWKZfUtuAD4ipVeHy1QFw2X8_XNNGS9XiVGY2yYlpxTb8RrB-aI_9nz43TGcMrvbCwbjRlz2jWXdPsV43J7w3nuOiKv6qIYkWapg1vGGKIfgyLOmiAug_j-99jQLRLHPpj9ZV7sMITR-WIwLlOwD_vxMxYKsgfqT1udRjVdCSyElBENP7ggw_1h3cJCETTIIb3L2NzMtZpk7B_o4fdar9D4GqFnf5RAhzVBBrzRp3J2jwWIOz0I76eq4KyI?authuser=0&fife=s16383
"Daybreak Naloxone Box, Supported by Macon Recovers",24/7 access to naloxone and test strips. Supported by Macon Recovers,32.8351311,-83.6205376,TRUE,TRUE,TRUE,V,https://mymaps.usercontent.google.com/hostedimage/m/*/6AAjQbR5VQT5Kf9JWBs7PuSXG-byuI--X4FJ_vODqHTU4k4ZeBrD_Hbb5jgERI1tvj825T95ZnVJ3r7Xmn2_YY5AQ1-VgCtT-fmmv9eYB5HY5t5-36aDHM49DNypiWpreobAQHuni4uB4V6QS8gchF4JcHirkB6mVZxD_cp3f3AsOww1D866GjBYAqel9re3OmY1hPsZ4uNCH4ce2Xf8lH4hz19ivyamVJ9LVIdyJ3E_YGQsOi_DT9wQnEnvJ2xy1Ep1OfjdEATrbQZEJ?authuser=0&fife=s16383
Georgia Overdose Prevention Naloxone Box at Premier Drugstore,24 Hour access to naloxone. Report a reversal at www.georgiaoverdoseprevention.org,33.7505767,-84.7465904,TRUE,TRUE,FALSE,V,https://mymaps.usercontent.google.com/hostedimage/m/*/6AAjQbR6SfGDHlpu-Z95Ko2J1m-od4Vy4vptEZOfD0VTbHwh8XAMmwJiuwn3vaAehXGYlfyL_mAH2GzI5hOdTvKk030SFtS2shZs0G6MnB_xhAFjfuFEuLlbI06Zp_F3G2KY-bUD-5tPHe1aKcwii9oIZVfzQATd7kKouOOuhfMy92eTRQp6Jp_sYYkMUjfUNyxfdHTr1javUndf6yGXrRQw6k5gpdvtWt3Ek8zfJcHmBV7ciXzjsKS2LYn_-R4qZ1STAkQe_TPK9ccfZ?authuser=0&fife=s16383
Georgia Harm Reduction Vending Machine at Avita Community Partners - Behavioral Health Crisis Center,"24 Hour Access. Multiple harm reduction supplies: Naloxone, syringes and condoms.",34.3131333,-83.7747389,TRUE,TRUE,FALSE,V,https://mymaps.usercontent.google.com/hostedimage/m/*/6AAjQbR4rk1T6SnQvDJ8asyAnYH7kUHF-lNxZ31oo99vutPeiV_UHpixF11OOSx5wd_vID66ndux8G3lwk1hvO1LCxJsvf0bxRI3pnlAi1qIlJT-_uj4k9aaN58JjkYlE3GEw4bC8_uuxg7jgzu2-UbiGJhrcxVU3HQ7Xn4W0AFrfeXChZLD-7NtF6YqrBaqdAKAtYUc11oWSnWVeSE_0inI8_w5qy0qSBr5PqHWjeWJZlGcIf4tFnyeeHTdV-2kr2Juyt3C-ihkb2kB_?authuser=0&fife=s16383
The Vine 1435 N Expy suite 108,24 hour access Naloxone and fentanyl test strips,33.2721564,-84.2927266,TRUE,TRUE,TRUE,V,https://mymaps.usercontent.google.com/hostedimage/m/*/6AAjQbR4hGUWawSPhMammK7wV2W1_1Q6LG7a0cb5kOP9FjoQtc_SJB_ryXWs_EsAd-OrIdlvwJ4BIvVOFWcxq2Ls1I12KfWXODi45Y0KQwWl3GsIibc6x_qEXGgiuecwjlG_z1gjMMQPb6k94wV9JwS8RoCqMUeeuPAasSPV-s_7EZHPRIcyYeafuwtL8mM4OSNt5gSSmDncVdKE2CCB0HESO9Dps9qIjRwXciwiH8jKrogt0fMI3nik718xLZstbI2WtXA3O1lO8vLzo?authuser=0&fife=s16383
20 Commerce Dr,24/7 Outdoor Naloxone Box,34.8717587,-83.9430627,TRUE,TRUE,FALSE,V,https://mymaps.usercontent.google.com/hostedimage/m/*/6AAjQbR5RqSMgDbDc9VqjYVFycWSEMc1uZwrZb6JpRdWCmo7stMeddRcVepgvdAxDE-CaJLTZ-rSkaBU1BEa3y-4l9tYfP8X7q_PISUBDqGc9fJW7hB3K2Oq2OHAYTSEMHXAUVg7mY-gtPIrIQR6n7GH2bqMfC9i1ZQKlQlKdQWTyzt-P8IaBAO9Wn6UAXvGrmcpmNVZKWVdCxRkG9GR55HJmqONnifuOWe8m3PI5nVwoMPwXEJGPH-MjJEzEMe0g_jdjM9fpjYQapOPt?authuser=0&fife=s16383
76 C Hunt Martin St,24/7 Access Naloxone Box,34.8727846,-83.958415,TRUE,TRUE,FALSE,V,none
243 Hunt Martin St,24/7 Outdoor Naloxone Box,34.8721949,-83.9607573,TRUE,TRUE,FALSE,V,none
The Arena Naloxone Distribution Box 319 E Cherokee Ave,"24/7 Access to Nasal Naloxone, test strips and recovery information https://www.recoverybartow.org/",34.167375,-84.790011,TRUE,TRUE,TRUE,V,https://mymaps.usercontent.google.com/hostedimage/m/*/6AAjQbR5KO0hW9BX6pyqRbn2Uw6pp6_1vuzmGlGs8GblnFYZ8vBS-fd6Ibg9xeqSiw-Sb4Y5OtzaqEfHkeu04GEsT0ia-YknlS02i-zjD91oiFYnfW9kKSptnXvW0c0P3j3_fgX9A3zxJAsQLadlS_ZPrs-6PUacHa6dzAprQicWJWh9d0ZCyZlmfB2nybE-TRtAMQvFRVN7L6lttBs7eZz9C4VflHMzBTpvGU9PdPyJTfuZkG8KNwcGL4oT7Gmoi1Y_LP0lcKdqFQll8?authuser=0&fife=s16383
110 W Porter St SE Naloxone Distribution Box at The Good neighbor Homeless Shelter,"24/7 access to Naloxone, test strips and recovery information. Supported by the Arena RCO https://www.recoverybartow.org/",34.1784259,-84.8018584,TRUE,TRUE,TRUE,V,https://mymaps.usercontent.google.com/hostedimage/m/*/6AAjQbR4WNcd9YvC3zKeXOKAvsdI9RBOl0lntIGKOgvAHyKa7WZX5Pb-UXWk968mkWLOUWVOf4Tu4pM3qvji_U1E2rP-y-Ii_6DOA7fmLHezvInVrAF2NiyizYhBY9X5rDG3ejUmDKsMmSU86vJBfCBWuguwRE13JxNYuZkcKIKZvVfai_Kx9OzKTNpjD3mbeq-ToJqfHZ3RkvK5gYjJFXaFIToQX7zjimIKtKNOP94YKls7xWhB-r8EQHvkaAOh5d_Te00cFt8I2j8s3?authuser=0&fife=s16383
215 Willowbend Rd In Ryan's Name/Georgia Overdose Prevention,24 hours access to Naloxone. This box is a partnership between In Ryan's Name and GeorgiaOverdosePrevention.org. Report reversals by texting 404-912-4812,33.3979112,-84.5844683,TRUE,TRUE,FALSE,V,https://mymaps.usercontent.google.com/hostedimage/m/*/6AAjQbR5F-d78RvemKCABFowOtmrT5nXNoVDr997Os9_y72kQfe5IytFtr5UQIXJgIwlBPdJIdOqd3H-rOvAIQ8_Xe4dSecF4E6bGJ3RpVb0C6rcyZr0HJPU52q2JM05UzHtYuy7nG5EkdMtHvn9kkHdJeNgr56DBACk5Wq-wqaIfqwHQNgdcYnfBgknzE45d7HB3IgLQgvnQtj9XvQMagQXmbKW8J6_FjmSd0aBr9aLZ7p-4nWXnBBxTTJvrBMkf44KvQTrCP2tfWhwU?authuser=0&fife=s16383
New Seasons NW Georgia Supported by Georgia Harm Reduction Coalition,24 hour access. Contains Naloxone. Syringes and Test Strips.,34.9509081,-85.2601184,TRUE,TRUE,TRUE,V,https://mymaps.usercontent.google.com/hostedimage/m/*/6AAjQbR6raKlPkSynh4QVjRrcc7VGIuU8kzUtljGZvMs4bYaGw2K3AUYJg-y9M4aC6ZmZPsZSa0Katw3LW6K4JNxhODd2Fnxo9E3d6bTtcvYGOo1x03U7eUVyObKg5RrTx0Ylvpkxnq9CLPXblAA7JW9UfEuXNKv9aEpbC6f6W2KipxKzU9myuro2k7tyHBYY_t3yP8CIsLA19Em0Sym3k6Xbkpwk8OxHjo2qcVA7QeUvnZCYVKPrfc69R33m3OGwVK1TH3MBvwuChvoV?authuser=0&fife=s16383
30 Buchanan Bypass Your Haven,24 hour access to Naloxone,33.7933584,-85.1825088,TRUE,TRUE,FALSE,V,https://mymaps.usercontent.google.com/hostedimage/m/*/6AAjQbR7IViZTXzAmrl1ZUPTgZpt1Oi4Rii7FJWBTKHXnW4dSwajHdutM-AV9tAC8W0zFJ_bX30y4VCbDRbjSY1w75J3o8C84DW628q46wOnNa-2_kpNWiToe5X5eaerrEfL3UEDR4CwlaRBRCdz_zHAGHQY6zweD4yhD0dl9swJ_5Fh_GtLoLBofZdIohkiRDw_1weTya2VaOxN5uwo7uf7sfecLqf-S8LJsEVfasxtdWjnORnYpjt46_qASvwFg-IYCkE459jV-nRk2?authuser=0&fife=s16383
Georgia Overdose Prevention at The Byllesby Center,24 hour access Nasal and IM naloxone. Please report reversals at GeorgiaOverdosePrevention.org,33.4832055,-81.9974232,TRUE,TRUE,FALSE,V,https://mymaps.usercontent.google.com/hostedimage/m/*/6AAjQbR66XbduaQOmM7N8FM36uDBSenNB0IDUhdgeT6-jxYskxEkaFTAmF_al4iMVexmaMkRM692GJjD0V5MiLVH42GqgPF6S7z9pNA5f7ncpmgEbs4Uu5IcjVQfPyti-1EFT_7qm-zG2YMYLMlmiuL9LA761HOTIMyamo_AgsGAHdJZVO1mDyWu1C83p0Mx3CyJhdpgljoaSC4QzIjWX8IzvbDMdreMlU000PDO6yWQsJUHHA6iV8MrBi0ydGAnQD9LPz8I8co3oNLKo?authuser=0&fife=s16383
"15151 ALCOVY ROAD, COVINGTON, GA 30014",24 hour access in the jail,33.6291682,-83.8314752,TRUE,TRUE,FALSE,V,https://mymaps.usercontent.google.com/hostedimage/m/*/6AAjQbR65X22e0Lc7OsXsR_-C-muAfq8TYf8uEBvz0cbaiAjRv4dBQBd1xV98nXS2pd8N_fzUehOCRB8MD7QGwQ4mJbkjrC7NmB3K8mZ2NsB9yuaftwOLqViBR_xxsByIdj8q4ZK-yA2vEhn29MzNkv7ATzwoUEuW4GGDf9f-TD4P7L-97i5cAjg7_8KlyjRjVJlcyKhrjP1eyAkZPA5gRvaoXKjnYJWJgSm9bo7952-PdjHV4N91OVTYjUyhyOhaZfXsgkZ_hm2GwWVk?authuser=0&fife=s16383
The Connection Forsyth,Naloxone 24 hour box,34.3443323,-84.1497011,TRUE,TRUE,FALSE,V,https://mymaps.usercontent.google.com/hostedimage/m/*/6AAjQbR4q1XzPPCFV0jstRM03En3uBJ9DMpEMcrYY_c-fgo1wGE2Lc7uwF0_JdfpqkaXcyoePVSXnY3qrgCU6HHMzGfcD9UYxwP34g7RNc_4-ZHKh05kSE5twR1twxtfk9e3MikjOvQOf9k3yNfWypo0_GQ64NVIHfnymMwrqzz2bFeIZAmMLPeC7vy-PxmZBmdnsf2LQzNeJ6nYNWLkv7Y8iR37RNOuLiTCey3Kj8rYS-LEwdOdue-BpB6f5RRREDztA4DX9q20KRpTh?authuser=0&fife=s16383
"Circle of Recovery Peer Center, Recovery Community Org",24 hour box outside,32.0536116,-81.0993141,TRUE,TRUE,FALSE,V,https://mymaps.usercontent.google.com/hostedimage/m/*/6AAjQbR5o1qNMW9aGol-fHK1Z1lb4R_hKKz86DdVbrG5mB5GowYcGNQOP4fR7HAfZaP_e-A44-I2FLOELIFwP_r8zBzPfPonR9q54Ng4_GCNRTD3hc7bQBCTunJxfRC0gE5bpmUi599PNfzkp_iwdqNAQsjcAbd8eXjaYwFg0tlZl6aafNfTiltLmtKJCkp7TqvCAKXKXxFTMS0_0O7NHIwYXZ_qZOr08KHSTovzU0YCKh13kjmWJAejknmkBO998vED1qF_p_WRxlr-b?authuser=0&fife=s16383
654 Red Bud Rd NE || Recovery Gordon,24 hour box. Nasal naloxone Recovery Gordon: https://www.facebook.com/p/Recovery-Gordon-61579646180735/,34.5135527,-84.9336523,TRUE,TRUE,FALSE,V,https://mymaps.usercontent.google.com/hostedimage/m/*/6AAjQbR42YVQYnZMneGVQsKN1ffoqioTMqupN4oKUg65QogbeaEtIze013rM0zN7C7Gj3F8YW54FkWO-o7BDe4xvW3teJl5ORjE94fUDcn7VmdyEgY2L0rkKtNaEWlmqujxyJ28OBkEC6KXBO52CZt9R5WuAOxd9LEg8cfoda6BDdODf7h1-XhqHU3ux8SWmATUi0NHD8SRm6oSv6lRy5jEYGUmM_xZKUbbntqZ2WBhpusInpsVBEo8OZY4HcZ9CZof6S2M6xIcEZ9IjR?authuser=0&fife=s16383
325 Old Mill Road Building 3 ||The Compassion Center,24-hour box Nasal Naloxone The Compassion Center: https://www.compassionga.org/about-us,34.1519891,-84.8132378,TRUE,TRUE,FALSE,V,https://mymaps.usercontent.google.com/hostedimage/m/*/6AAjQbR4C0k1klt2gtRuZ9C9gK_thouFw4kEzdZyACx3Yu-vk4pk95TQJLLEIdxhkK5AuGLEXKfyCLTRJPgEU9503fhIxw77jY2D91abA8eIj11wnplVKDwREODyMARbxJ4rFYc2FfgqAGGcGwHYIxsnvaj6L2VspkqmNNhWSkYihpLog8cKgrvJcGhqECPrIMdSel2Uze5X4g97o-05CuMU62q7Ir1szak3KsUgiv1jZ4WgCgp3dvPrBI9-9PTaZ2ifhcT6HDxMZtNU_?authuser=0&fife=s16383
6503 Glade Road SE || Allatoona Resource Center,24 hour box Nasal Naloxone http://allatoonacommunity.org/?page_id=1372,34.1138209,-84.6808123,TRUE,TRUE,FALSE,V,https://mymaps.usercontent.google.com/hostedimage/m/*/6AAjQbR7p4xJyL7zWZjJw8Nq1ISBJtXDUeSsNKUNfCgKA21E6Sp-kOowoHfL-91e1ZjSuk1g_4Ja23Y79OWu1j7T0BNPBbPYGl0llS7neLZrKj9kXMO4XXd_VsKbKKxgQkz2-iPx3mwPzfE4h6pjvY4J_GbJbfBv_ZYUXmyPO5EBuxgNYMpN9Uu-EBNswirklVYSB8gq201w6RAy1NkWEXXJvyXE84u-DEnTDnzUenVMJ6q1TfbDDaIbUq-wByyWd1aEEPQ8JvOc8clBb?authuser=0&fife=s16383
794 Second St || Dennard Drugs,24 hour access: nasal naloxone and fentanyl test strips,32.3783874,-82.591274,TRUE,TRUE,TRUE,V,https://mymaps.usercontent.google.com/hostedimage/m/*/6AAjQbR5dMtbfYIqbN8PknixlfX6GO1v3Up_R4j0I1gUnoEtwfGt5ofvhnMfErLLOsYUN91_-Ee-JIfNkYVHI_SAfKfwcQqAkqPrYmg1VCk9Bv3yNZXqc3h_tNrBfDUcI6glRGnGzwmiVFdiKqswHVDpW58GYpuPVyKT6nCjQYF_s74NoOmCkBCDweUocXgJV9muOgBCQdQ6iw86H9JcGHfnJoAksxDKqQ6MbyfsG8KLT5EBWoGRVybha81EIE9JNRPT_OMova6E9JFNh?authuser=0&fife=s16383
333 College St || Eastman City Hall,24 hour box with nasal naloxone and fentanyl test strips,32.1958157,-83.1756607,TRUE,TRUE,TRUE,V,https://mymaps.usercontent.google.com/hostedimage/m/*/6AAjQbR4Vg2DAkteTWhQ4j_N3ohs7brO87K6U1lpXAMN0_SS7_Ew3psrdKeGGd4WvlRKDzWDtGeaoccLKyjK0Z7uRkxWD0rK1FZosn19n3ABkZlkyNdODxCJjeGI4eGGq0_JTu-Rb-UG1_isw5hWGUSCu1f1SgqzXOcRhyt42AyNqOW2yRW3Z7oR9e6w4F6C7ADW2reB4qAfkoc32RxOW5EddlW44kEZjJkDJjaKkY7MM0XKAndErLoZnEXOEHD1j5jmEgZT5gq9FZ5uq?authuser=0&fife=s16383
"621 Academy Ave, Dublin, GA 31021 || RISE UP",24 hour access box on porch with nasal naloxone and fentanyl test strips,32.535004,-82.9129029,TRUE,TRUE,TRUE,V,none
115 Albany Ave OATH - Georgia Overdose Prevention,"24 hour access box with nasal, IM and test strips. Also -- see additional resources inside.",31.2135297,-82.3549158,TRUE,TRUE,TRUE,V,https://mymaps.usercontent.google.com/hostedimage/m/*/6AAjQbR7_J4kQpA_qCvsg63k2MCK6pse8mrJNf7JvlgMTB4t8TSWAyh8sUQW4aQ-XF-Hefck1I0F15DEJGcTVclTeE91R-oMR17o79sHusunsKS362RdvtAccUD7SbOGSLV56oa0GeHVkEhfwu99g-_Zhi0cpNzkRddZd7trXGqtMjF_wo55psjq_-FiTkjAvMuWoLvEHAooQQzdJ59SnSk2BzDTtM0gZw1SnN_ScmZUwn2sulBE9ILbAU-sQnTPOFDC-r_XdPJD0r-xO?authuser=0&fife=s16383
1290 College St Centenary United Methodist Church,24 hour access to free naloxone. In parking lot near community fridge.,32.8314022,-83.6464025,TRUE,TRUE,FALSE,V,none
Emory University Hospital Emergency Department,Vending machine in lobby of ER. Open 24 hours.,33.792038,-84.3221789,TRUE,TRUE,FALSE,V,none
Georgia Overdose Prevention at Starlandia Art Supply,24 hour access box on right side of building. Nasal and IM naloxone. Please report reversals at GeorgiaOverdosePrevention.org,32.0537102,-81.1013479,TRUE,TRUE,FALSE,V,https://mymaps.usercontent.google.com/hostedimage/m/*/6AAjQbR6DfYCIBWO0M3S1ikXhhwyCwCIacf1jU9NTldcRergQt7cZp5BdHeDh8JDo9iWrKVAOGbwsogIvqnvk1PeFAC5Vc6-3lLG-JIgsd5TFjdao_I2TU0J-2yKvVZ-zouGj0B0BtwFGiI2zwJlVP0L3J8bPlaHJjJbZ_biPyZJ11pzXNax2x-l9oDqA6JBCqB5AcKLEbv1YIpSSo0ajeLPxU1_hiDMFSRkCaeM-Vf9gR73rCjV2BjfhKe0tjByn7Ww9I_jCaOTVTR5b?authuser=0&fife=s16383
702 Maple Dr Georgia Overdose Prevention and Toombs PTR 24 hour Box,Nasal and IM naloxone and test strips,32.201258,-82.3911203,TRUE,TRUE,TRUE,V,https://mymaps.usercontent.google.com/hostedimage/m/*/6AAjQbR5gSEBTAFtdxIbhI_R5lEhmNYMa16A1Da5CptO0ALSbWhKHBFrMqRYPB0evWCNxdFrRdc6tuLwyN6jUq-8tC3BgVC8V7HRJ2W7XAx6e4j-P7oBRivXhpveOP_Ga1V19OkrOif0C_9Gm713lgQP-_74hcGodCs_mCO_hOUJ_txHJRMJrbIGd7buJKT7QlKL2Lu5N7t4CtjfgJzD_OYNzPpmt_6-x7llfMXMkO2wvl3GUsHaIffXXkw5M6XF2viGA80WBxrHMyejU?authuser=0&fife=s16383
130 Jefferson St supported by Coweta Force,24 hour access box,33.3826819,-84.7948206,TRUE,TRUE,FALSE,V,none
House of Pickleball - Supplied by Coweta Force,24 hour AED with take home naloxone. 24 hour access. Supplied by Coweta Force,33.3807875,-84.7959184,TRUE,TRUE,FALSE,V,https://mymaps.usercontent.google.com/hostedimage/m/*/6AAjQbR6xv02AzH_qEHPzAgnLfNhICqkSGb8c9ovFJlqCRoAaBsBdjT9hhq6ZCxAgu96XLeUybEOH-XUypgvKvHRUmQVXW8xDpmxENKqlvOrMAVx9c0C17QtT5q1vyIPJQTVTV9eEw-BmlfN7BiGJ_bm5b5FO_aC8_iJnkFiUeFvA1rQ9RVkrF330KBmWcujjwu4KsG8Bq8w80SLJg_XNa3f0qNEnuB3MOw3eZVe9LRp3Bx4BLi2MXqE3A9w-7k9Ak_2vA7_StJJXsAEB?authuser=0&fife=s16383
1101 Alabama St. Georgia Overdose Prevention Box 24/7,IM and Nasal Naloxone. Please report reversals at 404-919-4812 or at GeorgiaOverdosePrevention.org,33.5886681,-85.0996716,TRUE,TRUE,FALSE,V,https://mymaps.usercontent.google.com/hostedimage/m/*/6AAjQbR69xcIz4Sz5fqrGSmyi1Sm1Fkvwhc4It5ed4tSkJr6AKU_tUSvNy0ZSTJklCYszhpylzj2BFRUa4gLTZQDkaO2HIWo9le4wx0-trPrKT7ohk64eWRLdEeyA3vv6Uxfy6kCMrT2OfSFK43Z8-GrEsHIifz-EJZ0gbOkfIMXKHAgENkNnblImJsKpJ504FwlwuTZOvMW4jfscIH8sSolVpoy8bO83WyLCyZQRrZ3GeVtuKCx_bplcPCdeC0GB93uQ67ZYmxb-gfPr?authuser=0&fife=s16383
911 Chambers Dr NW,"911 Chambers Dr NW, Conyers, GA 30012 main jail entrance lobby (open 24 hours a day) NASAL NALOXONE",33.6866016,-84.0572339,TRUE,TRUE,FALSE,V,none
24 Hour Naloxone Statesboro,Found in alley between GSU Business Innovations and Blend N Brew,32.44869444,-81.781,TRUE,TRUE,FALSE,V,https://mymaps.usercontent.google.com/hostedimage/m/*/6AAjQbR4bYcXsikjW89sqLow73XkQNmhvPApwVg9KsTRH4uaRola-M-0FszRQfJBcKc5sDkkckOPy2mSxFuH-cuCEnJf5h1KPpjpiDM0qRFNciUD5xFaBoCX2lSebC8XEMryisrmGI6U9ZGDe4X20vTnDhsmSAmzRLTTljNnrb8YHp0jMTVW495GvPvwMzwD7zO0gbZpmm1WorVr6MxZcW-gMajqOYepZDgoFgKbyH0KwlddffyAnxYRz9xjX_pCzb1C6HzCBEpXZ9ryv?authuser=0&fife=s16383
89 Telfair Ave,24 hour nasal naloxone and test strips,32.0609872,-82.8980521,TRUE,TRUE,TRUE,V,https://mymaps.usercontent.google.com/hostedimage/m/*/6AAjQbR7vEIVw_9Iy8u3hSuIcmk2bWH_1HG4Cliumds3ROKk6j7wlty-gVrV-XVwbQVtm6QRzoYcFqYcW7YLawPRzUP2I6PE695T2sfrDQtxqll0Gwuh9iEKidx3Gsk9VbMwsmpHDUCjarW-PMK-aPQVq4E7aEUaOybIYqE7XCab8I06MgXTxESfNoTsjZMo2V15YxIxQGtr_JdtDMnKd8tkwBUeMMA4H4Anu-Ha_lFXe-sP6rOybTcnF64T7AaYBL_15HzDXkc13s-uS?authuser=0&fife=s16383
189 N Brunswick St at Anchored,24 hour naloxone,31.6046605,-81.8802724,TRUE,TRUE,FALSE,V,https://mymaps.usercontent.google.com/hostedimage/m/*/6AAjQbR6h9Ds4jv2bNrv6VpVOOq3rgyhcxvrSIoErWM1eE4hryTIUltbPS3u28VmMzDxLaW9uq9KQpBUu01KxN_RvekxCecKQXnCyCXSyApOKjN2f3H9mDA50bTi74BknscpnDx_1Dbu-ARgrhJ6uhZuebecmuLDo54HcBlbQ8qmX4sWMGLj_Nvar9yLvb5xYII9fQp7GjeeUPHpsIEWEyBefzIparkE0_91u4GPcG3ZABzhcXSgVH73f5rnRn3XRE6RZUfFc_31U3pnp?authuser=0&fife=s16383
1101 Gloucester St,24 hour access to naloxone,31.1506305,-81.490914,TRUE,TRUE,FALSE,V,https://mymaps.usercontent.google.com/hostedimage/m/*/6AAjQbR7YC9ZRnZP1CaDShGDD0mOVBrxcrUiwSrrZFScNLswkS2DaKZ0H7ndULWvJl3lwrJa4wOaZuHBjSzzwSETdo-bHJmWdS4W607AnwGCSgr8ELnQ3dufsoWWuw3IpTp3pzI8t_PceZQ4W1OtcfATnTkRbYg-3ESjCA1IB9wmpCAN0ntjSfxvulT10oB4CHJmBs4lobhuUt6odNrn4Hdqfb8kQ_WTRCH0L7wIVOrgOnwbQvpe0xsDbepAOivKsdmJjDEAPmz3gfhsR?authuser=0&fife=s16383
1709 Maple Ave SW,Nasal naloxone 24 hour access supported by Stay Harmless,34.2311947,-85.1671059,TRUE,TRUE,FALSE,V,https://mymaps.usercontent.google.com/hostedimage/m/*/6AAjQbR4ENYjqK05b23eUpkOj14s0kTbACna4AMxNuyxr0Li4mxMrGMd1EvZfV0j29q_jKYZQLIXixLiAb8uZ5hOW6ynvV6DvfDPDhEoMNRfWngZF2s8IcRMO0xlm_pqv_wZQzqym7O02ZrlUNLjFcYUlRu7AvUD2lEAXe9bkeEPDUTx9ouREkEBLsO2bWka_TkKcNAKhjTLXu6blznBUJ-DnLO0Qd9sUz9Fm5WpAFTeItvOowp8rxpLeL78g1TOHKDi-PiAdJKRAKPjw?authuser=0&fife=s16383
1203 N Columbia Ave,Blessing Barn GO INSIDE to find  nasal naloxone and test strips supported by DPH. Also has other mutual aid possibly including food.,32.3038427,-81.2446086,TRUE,TRUE,TRUE,V,https://mymaps.usercontent.google.com/hostedimage/m/*/6AAjQbR62qaKcDusB6oRG8J0oLfCguDaFb42M4l8PG_v6AV9YcgEJlcOG2W4Hws0proZBrNpwMqLIK46pp5oE5jQcaJbg7tpYxILiROWtKawx92aLRxEMYtSCSutdAWnDU_SqzLpfwRKwv52BE8-xcGhaBi1Cy-QEcf_fP-6Rnqv2cuU_W4OW3sMX0p-MNnafPe8VZDq1BIntpueazLOZyFIuV_d6R46tND-yzyUapDwvuN0MLs5E1UKAlsDSrjRkLyhSUwswOa6jsl6z?authuser=0&fife=s16383
1600 Fort Benning Rd,Vending machine with nasal naloxone and condoms. 24 hour access. Valley Health Care. Supported by Georgia Harm Reduction Coalition,32.4241103,-84.9372681,TRUE,TRUE,FALSE,V,https://mymaps.usercontent.google.com/hostedimage/m/*/6AAjQbR5QOEfs9WGJGNobOqYD4RK6li6JgLpJR88hYAXeNvAwuo5ogJ0O7qkClmHooNaKb_IrrmkWxzE2uUEa9ocphI68nGz-yozMRP-MT9fL-DTBtGREqQZS-5qCoF5QWv6JArsx8KPnMC7n6CSd8eb70d4LJe6Y6Spn4Lo0N1CBRm71C-qVzsjDXUMGLXKmzlZKL0GQcTWzrb6ned8Wflt_PLLwYFQsxwB615Zc5wWNhIb085ZTrkAAWtHy_s4CmOjLgrXroHUCWALf?authuser=0&fife=s16383
32 Memorial Dr Dahlonega Georgia Overdose Prevention/Bridge Recovery Lumpkin,24 hour access to naloxone. Supported by Georgia Overdose Prevention. Report reversals at www.georgiaoverdoseprevention.org,34.5336751,-83.9794675,TRUE,TRUE,TRUE,V,https://mymaps.usercontent.google.com/hostedimage/m/*/6AAjQbR73jmtp0aGMLp7SkKwNib4HYLuoudmza4wKkH6GWgX82z_rfkxjO2QvP6dSHNdBC-r2xIbOScbZ5Ye7jIOHvYIZkNqpp2Hihad8uuSIDPFxRGQguthTksDKB7dMbnDx672UCzg5-iXApv4JGJN1cHvpu_WVNQbcW8njdwE0mXLQux5CmN6M9TkWUoeImLieILLfBV0veRRxqn5inlwBlYW7FqTgAadG2-T0wpFHwOvmm1VvPRWKC9odaIHh15bi9Hh4QzZVyB_g?authuser=0&fife=s16383
Little Five Points Pharmacy,Free naloxone provided by Georgia Overdose Prevention. 24 hour box outside. Supplies also inside. Report Reversals at https://georgiaoverdoseprevention.org,33.7675937,-84.3493966,TRUE,TRUE,TRUE,V,https://mymaps.usercontent.google.com/hostedimage/m/*/6AAjQbR55uR03PRYgech8kgR4tXFv5NBaimokXRpVKsxAbwTf1FakV8YV3fBPp9Yu4_VP06sQrdNnOl1K3gG3_83QSkR7f5ESBCTMU379_a3-XbQ8xcuDy64005i0rnYlIKoFDAcPLeuApX4KuLcla64-u0KoNpvlrv7OC763ZhcfidkySwCHCmgmdSPLgde9Te2qeazw2L_KkWd7wDN2-wjugUu6BAt_mnLHWoNlutied8VTHmRM9T05deijQmlL1aH-4fpgYWE-e7dS?authuser=0&fife=s16383
Georgia Overdose Prevention - 236 Level Grove Rd || Self-Discovery Habersham,"24 hour access to nasal and IM naloxone. Supported by Georgia Overdose Prevention and Self-Discovery 24 Habersham 236 C Level Grove Road Cornelia, Ga. 30531 Safe drug disposals offered inside during business hours.",34.5104843,-83.5318798,TRUE,TRUE,FALSE,V,https://mymaps.usercontent.google.com/hostedimage/m/*/6AAjQbR5ctBYJVcIKHCIROFfkCFh-TN6otRCKBd7uZvsuxVNpNmxJW90JAiNYMpxQ3QywzGjq06fjbHWfCwxfJVEl-0u2XfUvlSjveA2ExXcVbA6kwHdwc2Ixj4WHf1elrDllVIMRBrvUfgokJYpp72MROHtN-HaSd0Wp9Vk2FbfyHbxBo20jY5QeBp82x33fw6o_ySM4QSZqsRunMIjXooptK92ixZLzPu76e5lGbMectapeDkJXnA_0mosYPmbWPxsNzQYH5GQrEtgJ?authuser=0&fife=s16383
1391 Hwy 42 S,24 hour access Nasal and IM Naloxone. Report Reversals at www.GeorgiaOverdosePrevention.org,33.2678739,-83.9109409,TRUE,TRUE,FALSE,V,https://mymaps.usercontent.google.com/hostedimage/m/*/6AAjQbR4XvyxS0_nHkkwxLHgeiW21l2bUyV6FpL6jJ_8a3Zw6WQHE84IENW0EhCQAC79LxaGPyOhtf3Zrhof2wNhfgMpWwG0xRFs2ETP1Eyf26vOh7DKSFNfDZaICvvh6fRO0dkFt2LR09CH0wHy8kMcAasp8KXD6yIrOKS8B9iDR8_U0Xbqj1yJ83y1wDLd8CpbnSMD8kdWEFiFxvkf_niOYMzYt7o_W29CK969BDTOkFsp9mNlzyJlRuLSxQjGWzgQboOYED_VbLBn0?authuser=0&fife=s16383
In Ryan's Name/Georgia Overdose Prevention 300 Lee St. Fayetteville,24 hours access to Naloxone. This box is a partnership between In Ryan's Name and GeorgiaOverdosePrevention.org. Report reversals by texting 404-912-4812,33.4438591,-84.4535907,TRUE,TRUE,FALSE,V,https://mymaps.usercontent.google.com/hostedimage/m/*/6AAjQbR6WazW2zmz42CZ_kMorKE_M_kYFKsVytsEvj5oI7POsb_y3TGVAYe8BHnUtwrULm1l4BaDJ2xshpPNPSyrEpUU5YoPSjfYj5I-L7uQu8lg0NVpoVfvI5_2P5y11bDL5GP4O4gkkTSjE4tbCpFM2u3fFSFCYQ1scuFh4N-NeksynnqI4XPUiKcLzuOSVJEqbys73DiYFfUFZR4hgjBB9aBizD83eNtiqLfE0uXlsvR060_X56Nl_cWTlv5P5uuLnN07F9kvcWvUD?authuser=0&fife=s16383
HealthQwest | Warner Robins,24 Hour access to naloxone. Supplied by DPH.,32.5932653,-83.6331387,TRUE,TRUE,FALSE,V,https://mymaps.usercontent.google.com/hostedimage/m/*/6AAjQbR5RApd8KFqCl_Xf5KYVEAr-nQPhJkIPnGOhEFQJg39dngB5iTLwXkJ7mWgFGOTuT0cIUVRUWB4hFV-bL0nhPG0t5vPV1vdaPugJ9eLpgchb30r37Zp5wLQHgT8m8U_XhZjqA-4FEkb5t3UpBMwI06sLEw8poDlWfCd5Ba7FVGnbBW3qzA1OF3GoI3f9HUKWYwD7bGdRUbh1goO-Z4PHHDaRhJqjI4VDUj8iBDKX6QMK_N2YUBCaL7oZn2_gHQC8ha-4H3bYtxxx?authuser=0&fife=s16383
Celtic Crow Tattoo,24 hour access to naloxone/narcan. Supported by Georgia Overdose Prevention Report Reversals at www.GeorgiaOverdosePrevention.org,34.5998674,-83.5163286,TRUE,TRUE,FALSE,V,https://maps.googleapis.com/maps/api/place/js/PhotoService.GetPhoto?1sAVoNoXTfjYmt5_h8rQPgM3Hlhjisq66PZ52dd_mLd5JQanhXUWskEcN00YwzgCifqLMJiGm85r0B4htvn2ABOFyC3puNlsd7Tb5Eon413MDkgE4AYNCOpHiF7lUpAh5zU0A_0Jafaj050LY4Zh6CSs_vfz75m-WNmUpjuIzASuZ8hFlaQehqp-MKfuWqO10SlxhZIunkI0ruxAaWES3VYD7aqHyP0jrmJZ8hgsOjnw79vJ_Xdrk6iawF8bdM2MX9RRMa2k8KF3mr6IP1ZwjzXrrtSlUvI3yAZd9CGIC2tPeCH-3xrcePhil5LyS2TRvcOZIwU_EK7PCitGUFlNWXT0Tv3cNpdA6EFxy5oqo8UPBMhAnPNld7fXAgY7lIRFQ92CCsnatVBt2pVv7g8bQOsTXJaVjkuHVVdVOx4YVm3xQooilJ1kRtXTiGAOZsoXzm9hRm&4u16383&5m1&2e1&callback=none&r_url=https%3A%2F%2Fwww.google.com%2Fmaps%2Fd%2Fu%2F0%2Fviewer&key=AIzaSyDn8VcdTA0P4Smn8HU3ygF-UbnWKVYdXkA&token=110108
Beyond Your Ordinary 238 Grant Ave,24 hour access to naloxone/narcan supplied by DPH.,32.8477575,-83.6475673,TRUE,TRUE,FALSE,V,https://mymaps.usercontent.google.com/hostedimage/m/*/6AAjQbR4fGnbLH5nY7j7-rYbhQ-2ZWo3SwmpJJ7tq7Ftz_bkCDRV6wlNEPmNSD0LYMP_jFK_SgrSw5yi4tOcGick4zH2c49v1Xh3eUSNwMXLNJB8Q8PjmSQSxtIAhtnA14sQdJQXbdrWOU69Z1DjijFDQ5LtMt1Nws_YhGXOTicCJtNEk3EGUc5nVnKAhIiZb-uW7ZVPXwcRcBsCkFbSwnhXTm-JXpy1zUvwHSyravYrW1W3HquAJA2IncxGtyexX1HXENtR6LMu5LjZi?authuser=0&fife=s16383
HealthQwest | Macon,24 hour access to Naloxone/Narcan supplied by DPH,32.874035,-83.6662306,TRUE,TRUE,FALSE,V,https://mymaps.usercontent.google.com/hostedimage/m/*/6AAjQbR6XjBGW7yJUT4AbD-RcSMVjTacopBEbW0-Ps8X-KiswQoi3PPB9qZQgegrnvLlEcoiyfooD9_ov3aZq6ZgTqzigWTfp-s5YizFe003JzbI6ki73uIn-UIzWCnfk3Hwt4ICvgBkw50nQSM-KxrbNzLFfHuis-iaBzIeCGeJnNlp5CzP4SewVl9nrPsadVKySRbMNIay2XkZ8x_FW9auKHq1c8pkhjWpRWPRi_rh-x7sCayd2iu5hnA_T6g8Hms161gaIk-bLj2Wr?authuser=0&fife=s16383
Houston County Detention Center (Public Lobby),24 hour access to naloxone/narcan supplied by DPH,32.468442,-83.7018299,TRUE,TRUE,FALSE,V,https://mymaps.usercontent.google.com/hostedimage/m/*/6AAjQbR6jLbB9gRgxbINJMPwFMOVEk8-Qt_5in3-WluEytqJufZAyb86UdRU4aT_HsEfV5zquriCU0SMJRLDjm03UJhQ-Lz3nZkUf4llSLCRz0_DFJ8AMe-cCDh76Me7pu97ZKK13iqZYFXc-Gsh8w3DheUslvq4lprn-Aqs4HMdsQZbODY9TFz_dpZwUBdxLIJMo9Oo2QaYPejMboWutPPNzf2adtRd7cPD8Zo7kkaNS1nHmcHJNYdLYcy2NBX0ke9NqBS270HncneVR?authuser=0&fife=s16383
Georgia Overdose Prevention 2607 Ledo Rd. BHG,Free naloxone 24 hour access. Supported by Georgia Overdose Prevention. Report reversals at www.GeorgiaOverdosePrevention.org,31.6230626,-84.2027835,TRUE,TRUE,FALSE,V,https://mymaps.usercontent.google.com/hostedimage/m/*/6AAjQbR7FYrUpGlGsb4sR0_3G_9BEv-1dR9L2lc-JV2vv5r7bifgPsWTEmlrrm_hdg9p7vdWfVlv5sjQuaZC7m_wrZZLISg6xxLflmDy7ogoTKemV34lgQN8wnYfxAeLaWR7HUGj-Qyfqk0Sqlm5mMBV7e67d3eVsw8D7XXwfTgbxCj2dJKevPNgextw9v4J01AWO14-0EFzqZiIGm3hYNy6M64oWDB2jtuTcAZUk1cyHzWveQm0LbK5JRKTQPOb3Z4_f1Jhw4GWoCrHs?authuser=0&fife=s16383
321 West Ave - Mosaic Place,24 hour access to nasal naloxone. In back parking lot attached to the blessing box,34.0110367,-85.2583854,TRUE,TRUE,FALSE,V,https://mymaps.usercontent.google.com/hostedimage/m/*/6AAjQbR7dVywpDNNz55JljDO7HO2-HuILEHXeuPVR60t3tdFumWiWEAuJS9_Ejs-QVeDEfjVjbzGychPg-e-TOckyf3TUeIHInPIFF2XgqxU6fQoKyisnSGNUr-zy_I20TKuzOzRRRKhK_bWrP4JCyMbpKXd3e641TkP1O_rSQnklMKWBi97PJ6Jufdj_Lgqh7JezCdiKak2pHCtR4AVcPQ2O3ra7T3QunaHDvbhOGhCCE2Wdjgi4SouHf8dWD2GGeNy-yTJr0jrtbUOk?authuser=0&fife=s16383
Georgia Overdose Prevention 104 Hartford Rd,24 hour free naloxone access. Report reversals to www.georgiaoverdoseprevention.org,31.6036498,-85.0492016,TRUE,TRUE,FALSE,V,https://mymaps.usercontent.google.com/hostedimage/m/*/6AAjQbR4YKkIdupEi81bP0UxY3VjetpvDZAYD3iVhrTI5VzywCvnxYVGsX7ISXRAGBmPW1v_dWm3rCaeTJWZgg0szxJP3UvHrf1mush-rX_R6bDyOnPoa22pya3PYp4oN9cefxQ8IhtenK1CIjNSoRqx9BwnV2V_2s2NW8d1ayuSXBAJjL1dsWq12nF80EwnI3UBnWv6V29qNG9r5zTdv0fr9f1_X8iAgXTYB2RzibdwSIGswrPPTVrx1UA2NPlrUXe6_8_gFcBtCBUQB?authuser=0&fife=s16383
Georgia Overdose Prevention - 11 S Harney St,24 Hour access to naloxone. LOCATED on the back of the building. Supported by Georgia Overdose Prevention. Report reversals at www.georgiaoverdoseprevention.org,31.2306448,-84.2089256,TRUE,TRUE,FALSE,V,https://mymaps.usercontent.google.com/hostedimage/m/*/6AAjQbR55vkxEGcZwk0-Tks3HOmRvcE5PJzw6e9VgHhM8SRzVrES1OP5s2Bh6BBsGzBKDbMp4_M4VVUG1dqYrUp-6Dl2dSLDjKBSETvKbzBkFvB7b8I6ng-sy4p1tKb1eB5kI5PV6sUvUoMCG_zXVAdFTadw1rAYAJ_4LdiOlkIu3sH9x9A9BRJ_s0wB0nl6GsQFjaZFFXHW9Q4zVluWLd87-affVktsncli5OJlbu0NzW_IHiqG8nGkCrtHVwo6rFcDi51xYGExixUU9?authuser=0&fife=s16383
Georgia Overdose Prevention 1235 1st Ave SE,24 hour access to free naloxone. Also a food pantry. Near road stand alone pantry between the Piggly Wiggly and the Pawn Shop. Report Reversals at www.georgiaoverdoseprevention.org,31.1789759,-83.7727846,TRUE,TRUE,FALSE,V,https://mymaps.usercontent.google.com/hostedimage/m/*/6AAjQbR5hhJvOpNcihDRMUX485BeN9EPcfoA9mMXU8dGe8cnCbzjMccpJPTUk_Uxq_ucNPqok-ac2GZebdG7RO3tY6aAk6nD_fF4IavUzQ-f7UzMbE6gPyM3Je9iH3Fgv7Lc7YGZOIDPq28H9E3MqpaW9S7PGGihS2FYtPRsBWUqCP2hA-wUWKZ_RPXlwUrfW73lT0E7D7LfClgPGDcLTL84I36hE_jFBSklffzy0cuSJd4BIIC8rYI9KajV2GdFPf9VAzLcj4KduDC_1?authuser=0&fife=s16383
640 S Railroad Ave,24 hour access to naloxone,32.1706063,-82.5957301,TRUE,TRUE,FALSE,V,https://mymaps.usercontent.google.com/hostedimage/m/*/6AAjQbR7H4EsNx4Xy7SDipA5qoZFUW-GNKxnmiDKBJbfjkhPJR1CN2oHefzgENONNVnGPJ2ptYJ8HeddDKLt0YKBPbFUirLXrI3P-zSf69_ds51booKpmQTuyGfahCviHUCKc3_byvftUvvuMYDHJfarPtbUysx420wEIrAfQxCo6u0eaf-dkI_bXoLJm9qgM5_n4EzN3jiDFQuN0Eybd3tkTTPwFKgeEloS-0296NflbS19uKhrEns0sQTfxbbOT9bs_kCOAZMbVgNj7?authuser=0&fife=s16383
4 E 9th St SE,"24 hour access to naloxone. Also other supplies as available (sun screen, test strips, hygiene supplies)",34.24134,-85.1688282,TRUE,TRUE,TRUE,V,https://mymaps.usercontent.google.com/hostedimage/m/*/6AAjQbR63K61Wi1cAT3_vJjaHkOvzV59WJymZejwJSh1N4gg8WU1CqPrxXGDqQOjyMgsIu6hwdGZ6xVb5A8q-R1PPRLZ0QsqYUAxfYyMViNzOIPTlLnz9oqWShBatwDiR7mCS7_SJnoDPGFEA4Ii4VoW6BgC6xzNlTGB0zOflw_zIcUOjiztYEZ2rOOO7V1GOMFt320VdfSTrEOzNOWDcD-1pq-hBI0MeHbol3g4sEle604tAEKYbEI7XNvA6cQ5l-Xsni1xhnmGt-kfn?authuser=0&fife=s16383
1941 Shoter Ave Rome GA,"1941 Shorter Ave Rome, Ga. 30165 (in the parking lot of West End Plaza). Supported by HARMLESS. In GREEN mutual aid pantry.",34.2700242,-85.2203573,TRUE,TRUE,FALSE,V,https://mymaps.usercontent.google.com/hostedimage/m/*/6AAjQbR5heJShoIKHSc2kWGQmCvnEpH3xBU324gatz9--W_w3gYCgcUgU6N0v-z6E8NbD4CHj8ZQZ1_GByAjr2ufD3zdmjaPzRoynww7WJTjKWZMSyO7rgAit217FVduqGpWW-0_7jI2GcnqkzNmYv6bZQ-oXRJ9wglhVqoTN3hVqBBDQYEIzVcXdtiBJlTfAT_8BaZ0IiKdVfOamxwxHhcJdche5JoPuVylE1lVTIFP8Vn9FW4C41s98UrY0phu_pMa-w4lQLaw7wBQM?authuser=0&fife=s16383
401 Shorter Ave NW,"402 Shorter Ave NW Rome, GA. 30165. Supported by Stay Harmless",34.2640919,-85.1920744,TRUE,TRUE,FALSE,V,https://mymaps.usercontent.google.com/hostedimage/m/*/6AAjQbR5al6laZr3hQfsZT3TXKfhLF9IxWm3tbr0ovdhjo8qLU2Tu_jA38qNbRWU0H_BF-eKLq_3DrabtHWcQgXeTXxf2me0OOD8ydEw2n53HRDLnut_AR6q2XfQOlHTk0PtKqm0f457eTX5d2ZC4NZe_EcNFqqc09QJ9xHsWaOQPdB_VpoMXyu7QYwBQPXTZeU3TRH_qIIQOeU_16QCOmx0NBOVER-AU2KmY3cRcOaI8pvxE9_f45Ryc1rvoJYs3oBhXKZNOof7TEaLq?authuser=0&fife=s16383
Georgia Overdose Prevention - 725 E Winthrope Ave,24 hour access to nasal and IM naloxone. Supported by Georgia Overdose Prevention. Report reversals at 404-919-4812 or www.georgiaoverdoseprevention.org,32.8039343,-81.9378075,TRUE,TRUE,FALSE,V,https://mymaps.usercontent.google.com/hostedimage/m/*/6AAjQbR7m4RIrWhw7_-1dTZcVDhlzh9Zi1TY-xGIgNxbDR127cy4nz1XcisWNhkHnNqNZHY4VmpGeFzx2OTrJou0z6xNK-FUAS3ep9t20eYYqLnwFG8Iv7lw6-ssw_NCgJI-Bm3lykstEtTrxHpMc1V6kiRtZG1X4zREI7iSn4f2jlHNMhPpzR9vwXb4WBl0Fn9s-Mlr5sHuf4-8C8jw2t0J-a3vwmr85qM6R6b4IX0myntZ2uL8rBN7MdOrLEl_OHTzP8oCLj4EZ0qbb?authuser=0&fife=s16383
1825 Keys Ferry Rd - 24 Hour Pantry,Free naloxone provided by Georgia Overdose Prevention. Report reversals and request new supplies at 404-919-4812 or GeorgiaOverdosePrevention.org,33.415547,-83.9835486,TRUE,TRUE,FALSE,V,https://mymaps.usercontent.google.com/hostedimage/m/*/6AAjQbR7YmBm-EP47S-X1tmAyNAE4Gs9QI9kq-OD49gt5SbBwE8IWDFjB9At1zQYQjMzCBdJ7E-_MSe9e7Vps32FrN252M3jfNG3PBjUFEcH6p88fsKw-XlC1Eusbws_VLR_UCOKkFvKkxa-7SYf8yB_YXW0k-q7w-q4x6fsEhgpLhzCoihw6gVvSUPI7mXlmYZoEoOU3yxjmQ3lFxVbHQeKc_3YUE2hLBmXAmBjFwyFL_DyiQxP900Ndog4Y5iLRKKh50s-s7anghAig?authuser=0&fife=s16383